protocol,chain,asset,supply_apy_pct,rewards_apy_pct,total_apy_pct,total_apy_method,borrow_apy_pct,tvl_usd,total_supply_usd,total_borrow_usd,utilization_pct,supply_cap_usd,borrow_cap_usd,available_liquidity_usd,can_be_collateral,is_paused,is_frozen,data_completeness,risk_note,safety_rank,pool_id,source_primary,source_tags,updated_at_utc
Aave,Ethereum,DAI,3.3749051271803325,,3.3749051271803325,supply_plus_rewards,5.02661876596726,10919260.0,,,90.24027809635213,199971290.0,179974161.0,10919193.162247652,False,False,False,6,审计成熟/头部流动性,1,3665ee7e-6c5d-49d9-abb7-c47ab5d9d4ac,DefiLlama+Aave API,"DefiLlama,Aave API",2026-07-26T01:27:26.707825+00:00
Aave,Ethereum,PYUSD,2.859259261064187,,2.859259261064187,supply_plus_rewards,4.356770969470414,2887735.0,,,73.45208422815462,20998963.65,17999111.7,2888600.8635210744,False,False,False,6,审计成熟/头部流动性,1,d118f505-e75f-4152-bad3-49a2dc7482bf,DefiLlama+Aave API,"DefiLlama,Aave API",2026-07-26T01:27:26.708361+00:00
Aave,Ethereum,USDT,2.819228426586845,4.25,7.069228426586845,supply_plus_rewards,3.7328176298438653,80656195.0,,,84.29116242765812,3476763600.0,3087126300.0,463791851.7874096,True,False,False,7,审计成熟/头部流动性,2,a90d554a-b548-4f50-b03e-9dcb724b7777,DefiLlama+Aave API,"DefiLlama,Aave API",2026-07-26T01:27:26.707258+00:00
Aave,Ethereum,USDC,3.183224901126764,3.53,6.713224901126764,supply_plus_rewards,3.9674682284413163,65814000.0,,,89.48676092706206,2499893350.0,2249904015.0,226615352.5422872,True,False,False,7,审计成熟/头部流动性,2,6f00d46b-8735-49ae-9ced-2a0fccc56ad0,DefiLlama+Aave API,"DefiLlama,Aave API",2026-07-26T01:27:26.707314+00:00
Aave,Ethereum,USDS,0.14119163641746676,3.35516,3.496351636417467,supply_plus_rewards,5.683378040421276,11882907.0,,,3.403918077503592,49995065.0,34196624.46,11883261.126001224,False,False,False,7,审计成熟/头部流动性,2,e65588a1-27ad-4e20-9232-68a6cfaccf63,DefiLlama+Aave API,"DefiLlama,Aave API",2026-07-26T01:27:26.707800+00:00
Aave,Arbitrum,USDC,2.659479762802807,,2.659479762802807,supply_plus_rewards,3.6658246457670565,32323460.0,,,81.00519463839369,249978667.5,224980800.75,32339575.08022811,True,False,False,6,审计成熟/头部流动性,2,d9fa8e14-0447-4207-9ae8-7810199dfa1f,DefiLlama+Aave API,"DefiLlama,Aave API",2026-07-26T01:27:26.707482+00:00
Aave,Base,USDC,3.5770422698233504,,3.5770422698233504,supply_plus_rewards,4.517823715917676,20047636.0,,,88.37474833932797,229984258.8,206985832.92,20047229.714822993,True,False,False,6,审计成熟/头部流动性,2,7e0661bf-8cf3-45e6-9424-31916d4c7b84,DefiLlama+Aave API,"DefiLlama,Aave API",2026-07-26T01:27:26.707630+00:00
Aave,Arbitrum,DAI,2.0269674578698096,,2.0269674578698096,supply_plus_rewards,3.9308620555965232,1091469.0,,,69.40047339945195,4898852.665,4408967.3985,1091617.1471536406,False,False,False,6,审计成熟/头部流动性,2,a8e3d841-2788-4647-ad54-5a36fac451b1,DefiLlama+Aave API,"DefiLlama,Aave API",2026-07-26T01:27:26.708854+00:00
Spark,Ethereum,USDT,2.75,,2.75,supply_plus_rewards,,410399980.0,,,,,,,,,,2,Aave系改造/审计覆盖,2,a5d67f7e-5b51-4a9d-969d-caf051a7f5a4,DefiLlama,DefiLlama,2026-07-26T01:27:26.707089+00:00
Spark,Ethereum,USDS,2.03489,,2.03489,supply_plus_rewards,,277629980.0,,,,,,,,,,2,Aave系改造/审计覆盖,2,0ed981dc-b49d-426d-ade5-6014728b1ef9,DefiLlama,DefiLlama,2026-07-26T01:27:26.707114+00:00
Spark,Ethereum,USDC,3.6,,3.6,supply_plus_rewards,,273298930.0,,,,,,,,,,2,Aave系改造/审计覆盖,2,c5c74dd1-995c-4445-9d84-3e710bad7d52,DefiLlama,DefiLlama,2026-07-26T01:27:26.707122+00:00
Spark,Ethereum,DAI,2.16848,,2.16848,supply_plus_rewards,,112304922.0,,,,,,,,,,2,Aave系改造/审计覆盖,2,e26ce7d9-db75-4aa4-b1db-cc21ae17bdfb,DefiLlama,DefiLlama,2026-07-26T01:27:26.707185+00:00
Spark,Ethereum,PYUSD,0.29064,,0.29064,supply_plus_rewards,,91111298.0,,,,,,,,,,2,Aave系改造/审计覆盖,2,995b269a-8409-4c55-b97e-868f443b432e,DefiLlama,DefiLlama,2026-07-26T01:27:26.707236+00:00
Spark,Ethereum,SUSDS,0.0,,0.0,supply_plus_rewards,,3288494.0,,,,,,,,,,2,Aave系改造/审计覆盖,2,d3694b72-5bc4-44c9-8ab6-1fc7941d216a,DefiLlama,DefiLlama,2026-07-26T01:27:26.708322+00:00
Compound,Ethereum,USDS,5.795730873734399,0.0,5.795730873734399,supply_plus_rewards,6.878815723915201,1819968.0999208875,1819968.0999208875,1652533.1259093052,90.79966548158198,,,,,,,9,成熟协议/资金利用率驱动,3,0x5d409e56d886231adaf00c8775665ad0f9897b56,Compound API,Compound API,2026-07-26T01:27:33.445278+00:00
Spark,Arbitrum,USDS,3.6,,3.6,supply_plus_rewards,,361823561.0,,,,,,,,,,2,Aave系改造/审计覆盖,3,9d499222-a01a-45bb-bbc9-f01c7923693b,DefiLlama,DefiLlama,2026-07-26T01:27:26.707100+00:00
Spark,Base,USDS,3.6,,3.6,supply_plus_rewards,,11982534.0,,,,,,,,,,2,Aave系改造/审计覆盖,3,aa2d08c0-0abd-4dcf-be93-ff8ca89d01cd,DefiLlama,DefiLlama,2026-07-26T01:27:26.707792+00:00
Compound,Ethereum,USDC,3.1068470285279997,0.100744881423115,3.2075919099511148,supply_plus_rewards,3.8972776820256003,345760894.4604771,345760894.4604771,298396223.67004955,86.30130639514857,,,,,,,9,成熟协议/资金利用率驱动,4,0xc3d688b66703497daa19211eedff47f25384cdc3,DefiLlama+Compound API,"DefiLlama,Compound API",2026-07-26T01:27:33.445147+00:00
Compound,Ethereum,USDT,2.9898986864544,0.10634852959664333,3.0962472160510437,supply_plus_rewards,3.8070390421296,178659427.7852389,178659427.7852389,148381967.67151147,83.05274134167306,,,,,,,9,成熟协议/资金利用率驱动,4,0x3afdc9bca9213a35503b077a6072f3d0d5ab0840,DefiLlama+Compound API,"DefiLlama,Compound API",2026-07-26T01:27:33.445252+00:00
Compound,Arbitrum,USDT,1.946523712032,0.0,1.946523712032,supply_plus_rewards,3.0019593206016,19609313.929571077,19609313.929571077,10602794.786839988,54.0701032150095,,,,,,,9,成熟协议/资金利用率驱动,4,0xd98be00b5d27fc98112bde293e487f8d4ca57d07,DefiLlama+Compound API,"DefiLlama,Compound API",2026-07-26T01:27:33.445328+00:00
Compound,Arbitrum,USDC,2.6693128685088,0.0,2.6693128685088,supply_plus_rewards,3.5596714622976,15596685.833534963,15596685.833534963,11564566.033929598,74.14757971262758,,,,,,,9,成熟协议/资金利用率驱动,4,0x9c4ec768c28520b50860ea7a15bd7213a9ff58bf,DefiLlama+Compound API,"DefiLlama,Compound API",2026-07-26T01:27:33.445306+00:00
Compound,Base,USDC,6.3154853839008,0.0,6.3154853839008,supply_plus_rewards,7.4642713683264,8355938.236141528,8355938.236141528,7600753.323874417,90.96229204886826,,,,,,,9,成熟协议/资金利用率驱动,4,0xb125e6687d4313864e53df431d5425969c15eb2f,DefiLlama+Compound API,"DefiLlama,Compound API",2026-07-26T01:27:33.445359+00:00
Compound,Base,USDS,1.2689617270464,0.0,1.2689617270464,supply_plus_rewards,2.6749645580592,459003.023520287,459003.023520287,107863.20435172564,23.499291269077332,,,,,,,9,成熟协议/资金利用率驱动,4,0x2c776041ccfe903071af44aa147368a9c8eea518,Compound API,Compound API,2026-07-26T01:27:33.445386+00:00
