C,balanced,calibrated,split,auc,acc_all,brier,acc_0.52,n_0.52,cov_0.52,acc_0.55,n_0.55,cov_0.55,acc_0.58,n_0.58,cov_0.58,acc_0.60,n_0.60,cov_0.60
0.03,True,True,val,0.5431586923307115,0.5339326362899803,0.24885611315498124,0.551598078128264,9574,0.3693815347814345,0.6538461538461539,312,0.012037501446815077,0.8571428571428571,7,0.0002700721478452101,1.0,1,3.8581735406458585e-05
0.03,True,True,test,0.5243111685585065,0.5152553358951804,0.24965315051844197,0.5281047919084729,18093,0.4188388351312561,0.5304033714629741,1661,0.03845085420621325,0.6456310679611651,206,0.00476873929348581,0.7222222222222222,72,0.0016667438307329044
0.03,True,False,val,0.543532863423044,0.5330066746402253,0.24857184514604078,0.5439005439005439,15444,0.5958563216173464,0.5629955947136563,3405,0.13137080905899148,0.6417910447761194,335,0.012924881361163626,0.6533333333333333,75,0.0028936301554843935
0.03,True,False,test,0.5244936993374896,0.5156720218528635,0.24999076943711815,0.5237461162893919,27036,0.6258623084402055,0.5378748707342296,7736,0.17908236492430205,0.5271940667490729,1618,0.03745543775174777,0.5652173913043478,690,0.015972961711190333
0.03,False,True,val,0.5431293438271213,0.533816891083761,0.2488568648814428,0.5515189476980896,9579,0.36957444345846674,0.6528662420382165,314,0.012114664917627995,0.8333333333333334,6,0.0002314904124387515,1.0,1,3.8581735406458585e-05
0.03,False,True,test,0.5243001285202079,0.5151858882355664,0.2496541805087094,0.5280371250207171,18101,0.4190240288902264,0.5316074653822999,1661,0.03845085420621325,0.6473429951690821,207,0.0047918885133571,0.7222222222222222,72,0.0016667438307329044
0.03,False,False,val,0.5435129702701743,0.5335082372005093,0.24857017784540592,0.5436428340342931,15455,0.5962807207068174,0.5628140703517588,3383,0.1305220108800494,0.6484848484848484,330,0.012731972684131333,0.65,80,0.0030865388325166864
0.03,False,False,test,0.5244865710562013,0.5151395897958239,0.2500130373998765,0.5240540939994088,27064,0.6265104865966017,0.5387296669248645,7746,0.17931385712301495,0.5262836185819071,1636,0.037872123709430994,0.5620542082738944,701,0.016227603129774528
0.06,True,True,val,0.5433453223766698,0.5346656892627031,0.2488466313891963,0.552155625657203,9510,0.3669123037154211,0.6592356687898089,314,0.012114664917627995,0.75,8,0.0003086538832516687,,0,0.0
0.06,True,True,test,0.5244144535348843,0.5146997546182693,0.24965232277829344,0.5289022155588872,18009,0.4168943006620677,0.5243605359317906,1642,0.038011019028658735,0.645933014354067,209,0.00483818695309968,0.7,70,0.0016204453909903235
0.06,True,False,val,0.5436962421185216,0.5330838381110382,0.2485568696046255,0.5435976989205611,15471,0.5968980284733207,0.5618424793858402,3517,0.13569196342451484,0.6392045454545454,352,0.01358077086307342,0.6707317073170732,82,0.0031637023033296036
0.06,True,False,test,0.5245741660889368,0.5156025741932497,0.25000231302212983,0.5233837436067262,27177,0.6291263484420575,0.5364806866952789,7922,0.18338811982036204,0.5255562236921226,1663,0.03849715264595583,0.5563380281690141,710,0.01643594610861614
0.06,False,True,val,0.5433273226756447,0.5348585979397353,0.24884716667705314,0.5520033652329372,9509,0.36687372198001467,0.65814696485623,313,0.012076083182221536,0.7142857142857143,7,0.0002700721478452101,,0,0.0
0.06,False,True,test,0.524421839309777,0.5146997546182693,0.24965167468605243,0.5288920991221246,17998,0.4166396592434835,0.5241000610128127,1639,0.037941571369044864,0.645933014354067,209,0.00483818695309968,0.7,70,0.0016204453909903235
0.06,False,False,val,0.543706912136463,0.5336625641421351,0.24855323869748894,0.5437927916289885,15482,0.5973224275627917,0.5635169854410506,3503,0.1351518191288244,0.6440677966101694,354,0.013657934333886339,0.6588235294117647,85,0.0032794475095489794
0.06,False,False,test,0.5245754750147603,0.5155331265336358,0.2500224520408216,0.5228702851885925,27175,0.6290800500023149,0.5368992052478869,7927,0.1835038659197185,0.5256869772998806,1674,0.038751794064540025,0.5612813370473537,718,0.01662113986758646
0.1,True,True,val,0.5434448595920311,0.5346271075272966,0.24884170040280396,0.5530119210887224,9479,0.3657162699178209,0.6645367412140575,313,0.012076083182221536,0.75,8,0.0003086538832516687,,0,0.0
0.1,True,True,test,0.5244667483402048,0.5145377100791704,0.24965117807135345,0.5294183195899265,17948,0.415482198249919,0.52203182374541,1634,0.03782582526968841,0.6490384615384616,208,0.00481503773322839,0.6956521739130435,69,0.0015972961711190332
0.1,True,False,val,0.5437671274776696,0.5335854006713222,0.24854909404257863,0.5440501583608041,15471,0.5968980284733207,0.5630064263760827,3579,0.13808403101971525,0.6388140161725068,371,0.014313823835796134,0.6627906976744186,86,0.003318029244955438
0.1,True,False,test,0.52462271007075,0.5157646187323487,0.25000696465995115,0.5231272273044565,27219,0.6300986156766517,0.5366188396756082,8015,0.18554099726839204,0.5234421364985163,1685,0.03900643548312422,0.5612813370473537,718,0.01662113986758646
0.1,False,True,val,0.543428997467145,0.5346271075272966,0.2488416912538627,0.5529783869267264,9485,0.36594776033025966,0.6677215189873418,316,0.012191828388440911,0.75,8,0.0003086538832516687,,0,0.0
0.1,False,True,test,0.52447093261128,0.514514560859299,0.24965106651678332,0.5294117647058824,17969,0.4159683318672161,0.5225609756097561,1640,0.03796472058891615,0.6507177033492823,209,0.00483818695309968,0.6956521739130435,69,0.0015972961711190332
0.1,False,False,val,0.5437925223585403,0.5339712180253868,0.24854486578613003,0.5438800568695877,15474,0.5970137736795401,0.5636719843268961,3573,0.1378525406072765,0.6388140161725068,371,0.014313823835796134,0.6666666666666666,90,0.0034723561865812724
0.1,False,False,test,0.5246172426232116,0.5154868280938932,0.250028631037635,0.5229435320915536,27219,0.6300986156766517,0.5374115895272367,8059,0.18655956294272882,0.5249559600704639,1703,0.039423121440807445,0.5606060606060606,726,0.016806333626556785
0.25,True,True,val,0.5435592228925902,0.534241290173232,0.24883542274369852,0.5531937394247038,9456,0.36482889000347235,0.6635514018691588,321,0.012384737065473205,0.75,8,0.0003086538832516687,,0,0.0
0.25,True,True,test,0.5245062027977745,0.514584008518913,0.2496511540041054,0.5296742525658188,17928,0.4150192138524932,0.5221130221130221,1628,0.03768692995046067,0.6568627450980392,204,0.0047224408537432285,0.7014925373134329,67,0.0015509977313764526
0.25,True,False,val,0.543838828569216,0.5338940545545738,0.24854156559550275,0.5451261208954261,15501,0.5980554805355145,0.5650384193194292,3644,0.14059184382113507,0.6415584415584416,385,0.014853968131486555,0.651685393258427,89,0.0034337744511748138
0.25,True,False,test,0.5246456742087231,0.5160424093708043,0.2500138354940529,0.5231469584052278,27239,0.6305616000740775,0.5367113516172672,8131,0.18822630677346172,0.5230859146697837,1711,0.03960831519977777,0.5607734806629834,724,0.016760035186814206
0.25,False,True,val,0.543544581389176,0.5340869632316062,0.24883619535020846,0.5533129028849202,9463,0.36509896215131754,0.665625,320,0.012346155330066746,0.75,8,0.0003086538832516687,,0,0.0
0.25,False,True,test,0.5245099278719214,0.5144682624195565,0.24965083776710356,0.5298382598996096,17930,0.41506551229223576,0.5220858895705521,1630,0.03773322839020325,0.6568627450980392,204,0.0047224408537432285,0.7014925373134329,67,0.0015509977313764526
0.25,False,False,val,0.5438917142273388,0.5342027084378256,0.24853570123155724,0.5449615906009941,15491,0.5976696631814499,0.5645959318306762,3638,0.14036035340869632,0.6450777202072538,386,0.014892549866893014,0.6526315789473685,95,0.0036652648636135653
0.25,False,False,test,0.5246257871193254,0.5152553358951804,0.2500372943376713,0.5226206188590703,27276,0.6314181212093153,0.5374877089478859,8136,0.1883420528728182,0.5234782608695652,1725,0.039932404277975835,0.5619047619047619,735,0.017014676605398397
0.5,True,True,val,0.5435922570776008,0.5345499440564837,0.24883382266409457,0.5537207579125648,9447,0.3644816543848142,0.6635220125786163,318,0.01226899185925383,0.75,8,0.0003086538832516687,,0,0.0
0.5,True,True,test,0.5245336001173072,0.514514560859299,0.24965017374645693,0.5293493437587267,17905,0.4144867817954535,0.5231053604436229,1623,0.037571183851104216,0.6568627450980392,204,0.0047224408537432285,0.7014925373134329,67,0.0015509977313764526
0.5,True,False,val,0.543879162666055,0.5337783093483545,0.24853798399484378,0.5449561403508771,15504,0.5981712257417339,0.5647442872687704,3676,0.14182645935414176,0.6410256410256411,390,0.015046876808518846,0.6483516483516484,91,0.003510937921987731
0.5,True,False,test,0.5246340676844943,0.515949812491319,0.2500179985531932,0.5229623651969775,27262,0.6310940321311171,0.5368987883979929,8171,0.18915227556831335,0.5224489795918368,1715,0.03970091207926293,0.562585969738652,727,0.016829482846428077
0.5,False,True,val,0.5435770022863252,0.5345113623210772,0.2488343474977193,0.5540497617787189,9445,0.3644044909140013,0.6635220125786163,318,0.01226899185925383,0.75,8,0.0003086538832516687,,0,0.0
0.5,False,True,test,0.5245353553653788,0.5144451131996852,0.24965009688956463,0.5293821638244339,17885,0.4140237973980277,0.5231338679827268,1621,0.03752488541136164,0.6600985221674877,203,0.004699291633871939,0.7014925373134329,67,0.0015509977313764526
0.5,False,False,val,0.5438731250554564,0.5344727805856707,0.24853516963497937,0.545401779956146,15506,0.5982483892125467,0.5658469945355191,3660,0.14120915158763842,0.6463104325699746,393,0.015162622014738223,0.6597938144329897,97,0.0037424283344264825
0.5,False,False,test,0.52464717410897,0.5154173804342793,0.2500388148660858,0.5230628320205166,27295,0.6318579563868698,0.5371477369769427,8197,0.1897541552849669,0.5239193083573487,1735,0.040163896476688735,0.561141304347826,736,0.01703782582526969
1.0,True,True,val,0.5436024983894644,0.5348200162043288,0.24883243314632883,0.5538152185416446,9449,0.36455881785562716,0.6625,320,0.012346155330066746,0.75,8,0.0003086538832516687,,0,0.0
1.0,True,True,test,0.5245354154472198,0.5143756655400713,0.24965038624673833,0.5294019098676496,17907,0.4145330802351961,0.5222222222222223,1620,0.037501736191490345,0.6553398058252428,206,0.00476873929348581,0.7014925373134329,67,0.0015509977313764526
1.0,True,False,val,0.5438891836706283,0.5337011458775416,0.24853721386950847,0.5448854469183607,15495,0.5978239901230757,0.5646610400217805,3673,0.14171071414792238,0.6410256410256411,390,0.015046876808518846,0.6521739130434783,92,0.0035495196573941895
1.0,True,False,test,0.5246519720731362,0.5160887078105468,0.2500171239435154,0.522939817361646,27267,0.6312097782304736,0.5368807339449542,8175,0.1892448724477985,0.5238372093023256,1720,0.03981665817861938,0.5639614855570839,727,0.016829482846428077
1.0,False,True,val,0.54361681836332,0.5346271075272966,0.24883218805650995,0.554002541296061,9444,0.36436590917859485,0.6656151419558359,317,0.01223041012384737,0.75,8,0.0003086538832516687,,0,0.0
1.0,False,True,test,0.5245417798308143,0.5143525163202,0.2496503551401541,0.5295695919508105,17890,0.41413954349738413,0.5216316440049443,1618,0.03745543775174777,0.6585365853658537,205,0.004745590073614519,0.7014925373134329,67,0.0015509977313764526
1.0,False,False,val,0.5439202469985305,0.5343570353794513,0.24853192070680263,0.5453841687633056,15501,0.5980554805355145,0.5656565656565656,3663,0.1413248967938578,0.6463104325699746,393,0.015162622014738223,0.65625,96,0.003703846599020024
1.0,False,False,test,0.5246481203979669,0.515625723413121,0.25003889803762974,0.5226390211737124,27298,0.6319274040464836,0.5375609756097561,8200,0.18982360294458075,0.5218642117376294,1738,0.040233344136302605,0.5613079019073569,734,0.016991527385527106
